{
    "avg_prec": 0.9161582009147139,
    "roc_auc": 0.9704377110243781
}