{
    "avg_prec": 0.9166464097678888,
    "roc_auc": 0.9702015186011212
}