{
    "avg_prec": 0.9160022125717322,
    "roc_auc": 0.9710306120868568
}